section_id,course_id,section_title
1,ARCH1001,Topic 1
2,ARCH1001,Topic 2
3,ARCH1001,Topic 3
4,ARCH1001,Topic 4
5,ARCH1001,Topic 5
6,ARCH1001,Topic 6
1,ARCH2002,Topic 1
2,ARCH2002,Topic 2
3,ARCH2002,Topic 3
4,ARCH2002,Topic 4
5,ARCH2002,Topic 5
1,ARCH3003,Topic 1
2,ARCH3003,Topic 2
3,ARCH3003,Topic 3
4,ARCH3003,Topic 4
5,ARCH3003,Topic 5
6,ARCH3003,Topic 6
7,ARCH3003,Topic 7
8,ARCH3003,Topic 8
9,ARCH3003,Topic 9
1,ARCH4004,Topic 1
2,ARCH4004,Topic 2
3,ARCH4004,Topic 3
4,ARCH4004,Topic 4
5,ARCH4004,Topic 5
6,ARCH4004,Topic 6
7,ARCH4004,Topic 7
8,ARCH4004,Topic 8
9,ARCH4004,Topic 9
1,ARCH5005,Topic 1
2,ARCH5005,Topic 2
3,ARCH5005,Topic 3
4,ARCH5005,Topic 4
5,ARCH5005,Topic 5
6,ARCH5005,Topic 6
7,ARCH5005,Topic 7
1,ARCH6006,Topic 1
2,ARCH6006,Topic 2
3,ARCH6006,Topic 3
4,ARCH6006,Topic 4
5,ARCH6006,Topic 5
6,ARCH6006,Topic 6
7,ARCH6006,Topic 7
8,ARCH6006,Topic 8
1,ARCH7007,Topic 1
2,ARCH7007,Topic 2
3,ARCH7007,Topic 3
4,ARCH7007,Topic 4
5,ARCH7007,Topic 5
6,ARCH7007,Topic 6
7,ARCH7007,Topic 7
1,ARCH8008,Topic 1
2,ARCH8008,Topic 2
3,ARCH8008,Topic 3
4,ARCH8008,Topic 4
5,ARCH8008,Topic 5
6,ARCH8008,Topic 6
7,ARCH8008,Topic 7
8,ARCH8008,Topic 8
1,BIOL1001,Topic 1
2,BIOL1001,Topic 2
3,BIOL1001,Topic 3
4,BIOL1001,Topic 4
5,BIOL1001,Topic 5
6,BIOL1001,Topic 6
7,BIOL1001,Topic 7
8,BIOL1001,Topic 8
9,BIOL1001,Topic 9
1,BIOL1011,Topic 1
2,BIOL1011,Topic 2
3,BIOL1011,Topic 3
4,BIOL1011,Topic 4
5,BIOL1011,Topic 5
6,BIOL1011,Topic 6
7,BIOL1011,Topic 7
8,BIOL1011,Topic 8
1,BIOL1021,Topic 1
2,BIOL1021,Topic 2
3,BIOL1021,Topic 3
4,BIOL1021,Topic 4
5,BIOL1021,Topic 5
1,BIOL2021,Topic 1
2,BIOL2021,Topic 2
3,BIOL2021,Topic 3
4,BIOL2021,Topic 4
5,BIOL2021,Topic 5
6,BIOL2021,Topic 6
7,BIOL2021,Topic 7
8,BIOL2021,Topic 8
1,BIOL3011,Topic 1
2,BIOL3011,Topic 2
3,BIOL3011,Topic 3
4,BIOL3011,Topic 4
5,BIOL3011,Topic 5
6,BIOL3011,Topic 6
7,BIOL3011,Topic 7
1,BIOL3021,Topic 1
2,BIOL3021,Topic 2
3,BIOL3021,Topic 3
4,BIOL3021,Topic 4
5,BIOL3021,Topic 5
6,BIOL3021,Topic 6
7,BIOL3021,Topic 7
8,BIOL3021,Topic 8
9,BIOL3021,Topic 9
1,BIOL3031,Topic 1
2,BIOL3031,Topic 2
3,BIOL3031,Topic 3
4,BIOL3031,Topic 4
5,BIOL3031,Topic 5
1,BIOL4011,Topic 1
2,BIOL4011,Topic 2
3,BIOL4011,Topic 3
4,BIOL4011,Topic 4
5,BIOL4011,Topic 5
6,BIOL4011,Topic 6
1,BIOL4021,Topic 1
2,BIOL4021,Topic 2
3,BIOL4021,Topic 3
4,BIOL4021,Topic 4
5,BIOL4021,Topic 5
1,BIOL4031,Topic 1
2,BIOL4031,Topic 2
3,BIOL4031,Topic 3
4,BIOL4031,Topic 4
5,BIOL4031,Topic 5
6,BIOL4031,Topic 6
7,BIOL4031,Topic 7
1,BIOL4041,Topic 1
2,BIOL4041,Topic 2
3,BIOL4041,Topic 3
4,BIOL4041,Topic 4
5,BIOL4041,Topic 5
1,BIOL4051,Topic 1
2,BIOL4051,Topic 2
3,BIOL4051,Topic 3
4,BIOL4051,Topic 4
5,BIOL4051,Topic 5
6,BIOL4051,Topic 6
7,BIOL4051,Topic 7
1,BIOL4061,Topic 1
2,BIOL4061,Topic 2
3,BIOL4061,Topic 3
4,BIOL4061,Topic 4
5,BIOL4061,Topic 5
6,BIOL4061,Topic 6
7,BIOL4061,Topic 7
8,BIOL4061,Topic 8
1,BIOL4071,Topic 1
2,BIOL4071,Topic 2
3,BIOL4071,Topic 3
4,BIOL4071,Topic 4
5,BIOL4071,Topic 5
6,BIOL4071,Topic 6
7,BIOL4071,Topic 7
1,BIOL4081,Topic 1
2,BIOL4081,Topic 2
3,BIOL4081,Topic 3
4,BIOL4081,Topic 4
5,BIOL4081,Topic 5
6,BIOL4081,Topic 6
7,BIOL4081,Topic 7
8,BIOL4081,Topic 8
1,BIOL4091,Topic 1
2,BIOL4091,Topic 2
3,BIOL4091,Topic 3
4,BIOL4091,Topic 4
5,BIOL4091,Topic 5
6,BIOL4091,Topic 6
7,BIOL4091,Topic 7
1,BIOL4101,Topic 1
2,BIOL4101,Topic 2
3,BIOL4101,Topic 3
4,BIOL4101,Topic 4
5,BIOL4101,Topic 5
6,BIOL4101,Topic 6
7,BIOL4101,Topic 7
8,BIOL4101,Topic 8
9,BIOL4101,Topic 9
1,BIOL4111,Topic 1
2,BIOL4111,Topic 2
3,BIOL4111,Topic 3
4,BIOL4111,Topic 4
5,BIOL4111,Topic 5
6,BIOL4111,Topic 6
7,BIOL4111,Topic 7
1,BIOL4121,Topic 1
2,BIOL4121,Topic 2
3,BIOL4121,Topic 3
4,BIOL4121,Topic 4
5,BIOL4121,Topic 5
6,BIOL4121,Topic 6
7,BIOL4121,Topic 7
8,BIOL4121,Topic 8
9,BIOL4121,Topic 9
1,BIOL4131,Topic 1
2,BIOL4131,Topic 2
3,BIOL4131,Topic 3
4,BIOL4131,Topic 4
5,BIOL4131,Topic 5
6,BIOL4131,Topic 6
7,BIOL4131,Topic 7
8,BIOL4131,Topic 8
9,BIOL4131,Topic 9
1,BIOL4141,Topic 1
2,BIOL4141,Topic 2
3,BIOL4141,Topic 3
4,BIOL4141,Topic 4
5,BIOL4141,Topic 5
6,BIOL4141,Topic 6
7,BIOL4141,Topic 7
1,BIOL4151,Topic 1
2,BIOL4151,Topic 2
3,BIOL4151,Topic 3
4,BIOL4151,Topic 4
5,BIOL4151,Topic 5
6,BIOL4151,Topic 6
7,BIOL4151,Topic 7
8,BIOL4151,Topic 8
9,BIOL4151,Topic 9
1,BIOL4161,Topic 1
2,BIOL4161,Topic 2
3,BIOL4161,Topic 3
4,BIOL4161,Topic 4
5,BIOL4161,Topic 5
6,BIOL4161,Topic 6
7,BIOL4161,Topic 7
8,BIOL4161,Topic 8
9,BIOL4161,Topic 9
1,BIOL4171,Topic 1
2,BIOL4171,Topic 2
3,BIOL4171,Topic 3
4,BIOL4171,Topic 4
5,BIOL4171,Topic 5
6,BIOL4171,Topic 6
7,BIOL4171,Topic 7
1,BIOL4181,Topic 1
2,BIOL4181,Topic 2
3,BIOL4181,Topic 3
4,BIOL4181,Topic 4
5,BIOL4181,Topic 5
1,BIOL4191,Topic 1
2,BIOL4191,Topic 2
3,BIOL4191,Topic 3
4,BIOL4191,Topic 4
5,BIOL4191,Topic 5
6,BIOL4191,Topic 6
1,BIOL4201,Topic 1
2,BIOL4201,Topic 2
3,BIOL4201,Topic 3
4,BIOL4201,Topic 4
5,BIOL4201,Topic 5
6,BIOL4201,Topic 6
7,BIOL4201,Topic 7
8,BIOL4201,Topic 8
9,BIOL4201,Topic 9
1,BIOL4211,Topic 1
2,BIOL4211,Topic 2
3,BIOL4211,Topic 3
4,BIOL4211,Topic 4
5,BIOL4211,Topic 5
6,BIOL4211,Topic 6
7,BIOL4211,Topic 7
1,BIOL4221,Topic 1
2,BIOL4221,Topic 2
3,BIOL4221,Topic 3
4,BIOL4221,Topic 4
5,BIOL4221,Topic 5
6,BIOL4221,Topic 6
1,BIOL4231,Topic 1
2,BIOL4231,Topic 2
3,BIOL4231,Topic 3
4,BIOL4231,Topic 4
5,BIOL4231,Topic 5
6,BIOL4231,Topic 6
1,BIOL4241,Topic 1
2,BIOL4241,Topic 2
3,BIOL4241,Topic 3
4,BIOL4241,Topic 4
5,BIOL4241,Topic 5
6,BIOL4241,Topic 6
1,BIOL4251,Topic 1
2,BIOL4251,Topic 2
3,BIOL4251,Topic 3
4,BIOL4251,Topic 4
5,BIOL4251,Topic 5
1,BIOL4261,Topic 1
2,BIOL4261,Topic 2
3,BIOL4261,Topic 3
4,BIOL4261,Topic 4
5,BIOL4261,Topic 5
6,BIOL4261,Topic 6
1,BIOL4271,Topic 1
2,BIOL4271,Topic 2
3,BIOL4271,Topic 3
4,BIOL4271,Topic 4
5,BIOL4271,Topic 5
6,BIOL4271,Topic 6
7,BIOL4271,Topic 7
8,BIOL4271,Topic 8
9,BIOL4271,Topic 9
1,BIOL4281,Topic 1
2,BIOL4281,Topic 2
3,BIOL4281,Topic 3
4,BIOL4281,Topic 4
5,BIOL4281,Topic 5
6,BIOL4281,Topic 6
7,BIOL4281,Topic 7
8,BIOL4281,Topic 8
9,BIOL4281,Topic 9
1,BIOL4291,Topic 1
2,BIOL4291,Topic 2
3,BIOL4291,Topic 3
4,BIOL4291,Topic 4
5,BIOL4291,Topic 5
6,BIOL4291,Topic 6
1,BIOL4301,Topic 1
2,BIOL4301,Topic 2
3,BIOL4301,Topic 3
4,BIOL4301,Topic 4
5,BIOL4301,Topic 5
6,BIOL4301,Topic 6
7,BIOL4301,Topic 7
8,BIOL4301,Topic 8
1,BIOL4311,Topic 1
2,BIOL4311,Topic 2
3,BIOL4311,Topic 3
4,BIOL4311,Topic 4
5,BIOL4311,Topic 5
6,BIOL4311,Topic 6
1,BIOL4321,Topic 1
2,BIOL4321,Topic 2
3,BIOL4321,Topic 3
4,BIOL4321,Topic 4
5,BIOL4321,Topic 5
6,BIOL4321,Topic 6
7,BIOL4321,Topic 7
8,BIOL4321,Topic 8
1,BIOL4331,Topic 1
2,BIOL4331,Topic 2
3,BIOL4331,Topic 3
4,BIOL4331,Topic 4
5,BIOL4331,Topic 5
6,BIOL4331,Topic 6
7,BIOL4331,Topic 7
1,BIOL4341,Topic 1
2,BIOL4341,Topic 2
3,BIOL4341,Topic 3
4,BIOL4341,Topic 4
5,BIOL4341,Topic 5
6,BIOL4341,Topic 6
7,BIOL4341,Topic 7
8,BIOL4341,Topic 8
1,BIOL4351,Topic 1
2,BIOL4351,Topic 2
3,BIOL4351,Topic 3
4,BIOL4351,Topic 4
5,BIOL4351,Topic 5
6,BIOL4351,Topic 6
7,BIOL4351,Topic 7
8,BIOL4351,Topic 8
9,BIOL4351,Topic 9
1,BIOL4361,Topic 1
2,BIOL4361,Topic 2
3,BIOL4361,Topic 3
4,BIOL4361,Topic 4
5,BIOL4361,Topic 5
1,BIOL4371,Topic 1
2,BIOL4371,Topic 2
3,BIOL4371,Topic 3
4,BIOL4371,Topic 4
5,BIOL4371,Topic 5
6,BIOL4371,Topic 6
7,BIOL4371,Topic 7
8,BIOL4371,Topic 8
9,BIOL4371,Topic 9
1,BIOL4381,Topic 1
2,BIOL4381,Topic 2
3,BIOL4381,Topic 3
4,BIOL4381,Topic 4
5,BIOL4381,Topic 5
6,BIOL4381,Topic 6
7,BIOL4381,Topic 7
1,BIOL4391,Topic 1
2,BIOL4391,Topic 2
3,BIOL4391,Topic 3
4,BIOL4391,Topic 4
5,BIOL4391,Topic 5
6,BIOL4391,Topic 6
7,BIOL4391,Topic 7
1,BIOL4401,Topic 1
2,BIOL4401,Topic 2
3,BIOL4401,Topic 3
4,BIOL4401,Topic 4
5,BIOL4401,Topic 5
6,BIOL4401,Topic 6
1,BIOL4411,Topic 1
2,BIOL4411,Topic 2
3,BIOL4411,Topic 3
4,BIOL4411,Topic 4
5,BIOL4411,Topic 5
6,BIOL4411,Topic 6
1,BIOL4421,Topic 1
2,BIOL4421,Topic 2
3,BIOL4421,Topic 3
4,BIOL4421,Topic 4
5,BIOL4421,Topic 5
6,BIOL4421,Topic 6
1,BIOL4431,Topic 1
2,BIOL4431,Topic 2
3,BIOL4431,Topic 3
4,BIOL4431,Topic 4
5,BIOL4431,Topic 5
1,BIOL4441,Topic 1
2,BIOL4441,Topic 2
3,BIOL4441,Topic 3
4,BIOL4441,Topic 4
5,BIOL4441,Topic 5
6,BIOL4441,Topic 6
7,BIOL4441,Topic 7
8,BIOL4441,Topic 8
9,BIOL4441,Topic 9
1,BIOL4451,Topic 1
2,BIOL4451,Topic 2
3,BIOL4451,Topic 3
4,BIOL4451,Topic 4
5,BIOL4451,Topic 5
6,BIOL4451,Topic 6
7,BIOL4451,Topic 7
1,BIOL4461,Topic 1
2,BIOL4461,Topic 2
3,BIOL4461,Topic 3
4,BIOL4461,Topic 4
5,BIOL4461,Topic 5
6,BIOL4461,Topic 6
7,BIOL4461,Topic 7
8,BIOL4461,Topic 8
9,BIOL4461,Topic 9
1,BIOL4471,Topic 1
2,BIOL4471,Topic 2
3,BIOL4471,Topic 3
4,BIOL4471,Topic 4
5,BIOL4471,Topic 5
6,BIOL4471,Topic 6
7,BIOL4471,Topic 7
8,BIOL4471,Topic 8
9,BIOL4471,Topic 9
1,BIOL4481,Topic 1
2,BIOL4481,Topic 2
3,BIOL4481,Topic 3
4,BIOL4481,Topic 4
5,BIOL4481,Topic 5
6,BIOL4481,Topic 6
7,BIOL4481,Topic 7
8,BIOL4481,Topic 8
1,BIOL4491,Topic 1
2,BIOL4491,Topic 2
3,BIOL4491,Topic 3
4,BIOL4491,Topic 4
5,BIOL4491,Topic 5
6,BIOL4491,Topic 6
7,BIOL4491,Topic 7
8,BIOL4491,Topic 8
9,BIOL4491,Topic 9
1,BIOL4501,Topic 1
2,BIOL4501,Topic 2
3,BIOL4501,Topic 3
4,BIOL4501,Topic 4
5,BIOL4501,Topic 5
6,BIOL4501,Topic 6
1,BIOL4511,Topic 1
2,BIOL4511,Topic 2
3,BIOL4511,Topic 3
4,BIOL4511,Topic 4
5,BIOL4511,Topic 5
6,BIOL4511,Topic 6
7,BIOL4511,Topic 7
1,BIOL4521,Topic 1
2,BIOL4521,Topic 2
3,BIOL4521,Topic 3
4,BIOL4521,Topic 4
5,BIOL4521,Topic 5
1,BIOL4531,Topic 1
2,BIOL4531,Topic 2
3,BIOL4531,Topic 3
4,BIOL4531,Topic 4
5,BIOL4531,Topic 5
6,BIOL4531,Topic 6
7,BIOL4531,Topic 7
1,BIOL4541,Topic 1
2,BIOL4541,Topic 2
3,BIOL4541,Topic 3
4,BIOL4541,Topic 4
5,BIOL4541,Topic 5
6,BIOL4541,Topic 6
7,BIOL4541,Topic 7
8,BIOL4541,Topic 8
9,BIOL4541,Topic 9
1,BIOL4551,Topic 1
2,BIOL4551,Topic 2
3,BIOL4551,Topic 3
4,BIOL4551,Topic 4
5,BIOL4551,Topic 5
1,CEEN1001,Topic 1
2,CEEN1001,Topic 2
3,CEEN1001,Topic 3
4,CEEN1001,Topic 4
5,CEEN1001,Topic 5
1,CEEN2002,Topic 1
2,CEEN2002,Topic 2
3,CEEN2002,Topic 3
4,CEEN2002,Topic 4
5,CEEN2002,Topic 5
6,CEEN2002,Topic 6
1,CEEN3003,Topic 1
2,CEEN3003,Topic 2
3,CEEN3003,Topic 3
4,CEEN3003,Topic 4
5,CEEN3003,Topic 5
1,CEEN4004,Topic 1
2,CEEN4004,Topic 2
3,CEEN4004,Topic 3
4,CEEN4004,Topic 4
5,CEEN4004,Topic 5
6,CEEN4004,Topic 6
7,CEEN4004,Topic 7
1,CEEN5005,Topic 1
2,CEEN5005,Topic 2
3,CEEN5005,Topic 3
4,CEEN5005,Topic 4
5,CEEN5005,Topic 5
1,CEEN6006,Topic 1
2,CEEN6006,Topic 2
3,CEEN6006,Topic 3
4,CEEN6006,Topic 4
5,CEEN6006,Topic 5
1,CEEN7007,Topic 1
2,CEEN7007,Topic 2
3,CEEN7007,Topic 3
4,CEEN7007,Topic 4
5,CEEN7007,Topic 5
6,CEEN7007,Topic 6
1,CEEN8008,Topic 1
2,CEEN8008,Topic 2
3,CEEN8008,Topic 3
4,CEEN8008,Topic 4
5,CEEN8008,Topic 5
6,CEEN8008,Topic 6
7,CEEN8008,Topic 7
8,CEEN8008,Topic 8
9,CEEN8008,Topic 9
1,CHEM1001,Topic 1
2,CHEM1001,Topic 2
3,CHEM1001,Topic 3
4,CHEM1001,Topic 4
5,CHEM1001,Topic 5
6,CHEM1001,Topic 6
1,CHEM1101,Topic 1
2,CHEM1101,Topic 2
3,CHEM1101,Topic 3
4,CHEM1101,Topic 4
5,CHEM1101,Topic 5
6,CHEM1101,Topic 6
7,CHEM1101,Topic 7
8,CHEM1101,Topic 8
1,CHEM1201,Topic 1
2,CHEM1201,Topic 2
3,CHEM1201,Topic 3
4,CHEM1201,Topic 4
5,CHEM1201,Topic 5
6,CHEM1201,Topic 6
7,CHEM1201,Topic 7
8,CHEM1201,Topic 8
9,CHEM1201,Topic 9
1,CHEM2101,Topic 1
2,CHEM2101,Topic 2
3,CHEM2101,Topic 3
4,CHEM2101,Topic 4
5,CHEM2101,Topic 5
6,CHEM2101,Topic 6
1,CHEM2201,Topic 1
2,CHEM2201,Topic 2
3,CHEM2201,Topic 3
4,CHEM2201,Topic 4
5,CHEM2201,Topic 5
6,CHEM2201,Topic 6
1,CHEM3101,Topic 1
2,CHEM3101,Topic 2
3,CHEM3101,Topic 3
4,CHEM3101,Topic 4
5,CHEM3101,Topic 5
6,CHEM3101,Topic 6
7,CHEM3101,Topic 7
8,CHEM3101,Topic 8
1,CHEM3201,Topic 1
2,CHEM3201,Topic 2
3,CHEM3201,Topic 3
4,CHEM3201,Topic 4
5,CHEM3201,Topic 5
1,CHEM3301,Topic 1
2,CHEM3301,Topic 2
3,CHEM3301,Topic 3
4,CHEM3301,Topic 4
5,CHEM3301,Topic 5
6,CHEM3301,Topic 6
7,CHEM3301,Topic 7
8,CHEM3301,Topic 8
1,CHEM3401,Topic 1
2,CHEM3401,Topic 2
3,CHEM3401,Topic 3
4,CHEM3401,Topic 4
5,CHEM3401,Topic 5
6,CHEM3401,Topic 6
7,CHEM3401,Topic 7
8,CHEM3401,Topic 8
9,CHEM3401,Topic 9
1,CHEM4101,Topic 1
2,CHEM4101,Topic 2
3,CHEM4101,Topic 3
4,CHEM4101,Topic 4
5,CHEM4101,Topic 5
6,CHEM4101,Topic 6
7,CHEM4101,Topic 7
8,CHEM4101,Topic 8
9,CHEM4101,Topic 9
1,CHEM4201,Topic 1
2,CHEM4201,Topic 2
3,CHEM4201,Topic 3
4,CHEM4201,Topic 4
5,CHEM4201,Topic 5
6,CHEM4201,Topic 6
7,CHEM4201,Topic 7
8,CHEM4201,Topic 8
9,CHEM4201,Topic 9
1,CHEM4301,Topic 1
2,CHEM4301,Topic 2
3,CHEM4301,Topic 3
4,CHEM4301,Topic 4
5,CHEM4301,Topic 5
6,CHEM4301,Topic 6
7,CHEM4301,Topic 7
8,CHEM4301,Topic 8
9,CHEM4301,Topic 9
1,CHEM4401,Topic 1
2,CHEM4401,Topic 2
3,CHEM4401,Topic 3
4,CHEM4401,Topic 4
5,CHEM4401,Topic 5
6,CHEM4401,Topic 6
1,CHEM4501,Topic 1
2,CHEM4501,Topic 2
3,CHEM4501,Topic 3
4,CHEM4501,Topic 4
5,CHEM4501,Topic 5
6,CHEM4501,Topic 6
7,CHEM4501,Topic 7
8,CHEM4501,Topic 8
1,CHEM4601,Topic 1
2,CHEM4601,Topic 2
3,CHEM4601,Topic 3
4,CHEM4601,Topic 4
5,CHEM4601,Topic 5
6,CHEM4601,Topic 6
1,CHEM4701,Topic 1
2,CHEM4701,Topic 2
3,CHEM4701,Topic 3
4,CHEM4701,Topic 4
5,CHEM4701,Topic 5
1,CHEM4801,Topic 1
2,CHEM4801,Topic 2
3,CHEM4801,Topic 3
4,CHEM4801,Topic 4
5,CHEM4801,Topic 5
6,CHEM4801,Topic 6
1,CHEM4901,Topic 1
2,CHEM4901,Topic 2
3,CHEM4901,Topic 3
4,CHEM4901,Topic 4
5,CHEM4901,Topic 5
6,CHEM4901,Topic 6
7,CHEM4901,Topic 7
1,CHEM5001,Topic 1
2,CHEM5001,Topic 2
3,CHEM5001,Topic 3
4,CHEM5001,Topic 4
5,CHEM5001,Topic 5
6,CHEM5001,Topic 6
7,CHEM5001,Topic 7
1,CHEM5101,Topic 1
2,CHEM5101,Topic 2
3,CHEM5101,Topic 3
4,CHEM5101,Topic 4
5,CHEM5101,Topic 5
6,CHEM5101,Topic 6
7,CHEM5101,Topic 7
1,CHEM5201,Topic 1
2,CHEM5201,Topic 2
3,CHEM5201,Topic 3
4,CHEM5201,Topic 4
5,CHEM5201,Topic 5
6,CHEM5201,Topic 6
7,CHEM5201,Topic 7
1,CHEM5301,Topic 1
2,CHEM5301,Topic 2
3,CHEM5301,Topic 3
4,CHEM5301,Topic 4
5,CHEM5301,Topic 5
1,CHEM5401,Topic 1
2,CHEM5401,Topic 2
3,CHEM5401,Topic 3
4,CHEM5401,Topic 4
5,CHEM5401,Topic 5
6,CHEM5401,Topic 6
1,CHEM5601,Topic 1
2,CHEM5601,Topic 2
3,CHEM5601,Topic 3
4,CHEM5601,Topic 4
5,CHEM5601,Topic 5
6,CHEM5601,Topic 6
7,CHEM5601,Topic 7
8,CHEM5601,Topic 8
1,CHEM5701,Topic 1
2,CHEM5701,Topic 2
3,CHEM5701,Topic 3
4,CHEM5701,Topic 4
5,CHEM5701,Topic 5
6,CHEM5701,Topic 6
1,CHEM5801,Topic 1
2,CHEM5801,Topic 2
3,CHEM5801,Topic 3
4,CHEM5801,Topic 4
5,CHEM5801,Topic 5
1,CHEM5901,Topic 1
2,CHEM5901,Topic 2
3,CHEM5901,Topic 3
4,CHEM5901,Topic 4
5,CHEM5901,Topic 5
6,CHEM5901,Topic 6
7,CHEM5901,Topic 7
8,CHEM5901,Topic 8
1,CHEM6001,Topic 1
2,CHEM6001,Topic 2
3,CHEM6001,Topic 3
4,CHEM6001,Topic 4
5,CHEM6001,Topic 5
6,CHEM6001,Topic 6
7,CHEM6001,Topic 7
1,CHEM6101,Topic 1
2,CHEM6101,Topic 2
3,CHEM6101,Topic 3
4,CHEM6101,Topic 4
5,CHEM6101,Topic 5
6,CHEM6101,Topic 6
7,CHEM6101,Topic 7
8,CHEM6101,Topic 8
9,CHEM6101,Topic 9
1,CHEM6201,Topic 1
2,CHEM6201,Topic 2
3,CHEM6201,Topic 3
4,CHEM6201,Topic 4
5,CHEM6201,Topic 5
6,CHEM6201,Topic 6
7,CHEM6201,Topic 7
8,CHEM6201,Topic 8
9,CHEM6201,Topic 9
1,CHEM6301,Topic 1
2,CHEM6301,Topic 2
3,CHEM6301,Topic 3
4,CHEM6301,Topic 4
5,CHEM6301,Topic 5
6,CHEM6301,Topic 6
7,CHEM6301,Topic 7
1,CHEM6401,Topic 1
2,CHEM6401,Topic 2
3,CHEM6401,Topic 3
4,CHEM6401,Topic 4
5,CHEM6401,Topic 5
6,CHEM6401,Topic 6
7,CHEM6401,Topic 7
8,CHEM6401,Topic 8
1,CHEM6501,Topic 1
2,CHEM6501,Topic 2
3,CHEM6501,Topic 3
4,CHEM6501,Topic 4
5,CHEM6501,Topic 5
6,CHEM6501,Topic 6
1,CHEM6601,Topic 1
2,CHEM6601,Topic 2
3,CHEM6601,Topic 3
4,CHEM6601,Topic 4
5,CHEM6601,Topic 5
1,CHEM6701,Topic 1
2,CHEM6701,Topic 2
3,CHEM6701,Topic 3
4,CHEM6701,Topic 4
5,CHEM6701,Topic 5
6,CHEM6701,Topic 6
1,CHEM6801,Topic 1
2,CHEM6801,Topic 2
3,CHEM6801,Topic 3
4,CHEM6801,Topic 4
5,CHEM6801,Topic 5
6,CHEM6801,Topic 6
7,CHEM6801,Topic 7
1,CHEM6901,Topic 1
2,CHEM6901,Topic 2
3,CHEM6901,Topic 3
4,CHEM6901,Topic 4
5,CHEM6901,Topic 5
1,CHEM7001,Topic 1
2,CHEM7001,Topic 2
3,CHEM7001,Topic 3
4,CHEM7001,Topic 4
5,CHEM7001,Topic 5
6,CHEM7001,Topic 6
7,CHEM7001,Topic 7
1,CHEM7101,Topic 1
2,CHEM7101,Topic 2
3,CHEM7101,Topic 3
4,CHEM7101,Topic 4
5,CHEM7101,Topic 5
6,CHEM7101,Topic 6
1,CHEM7201,Topic 1
2,CHEM7201,Topic 2
3,CHEM7201,Topic 3
4,CHEM7201,Topic 4
5,CHEM7201,Topic 5
6,CHEM7201,Topic 6
1,CHEM7301,Topic 1
2,CHEM7301,Topic 2
3,CHEM7301,Topic 3
4,CHEM7301,Topic 4
5,CHEM7301,Topic 5
6,CHEM7301,Topic 6
7,CHEM7301,Topic 7
8,CHEM7301,Topic 8
9,CHEM7301,Topic 9
1,CHEM7401,Topic 1
2,CHEM7401,Topic 2
3,CHEM7401,Topic 3
4,CHEM7401,Topic 4
5,CHEM7401,Topic 5
6,CHEM7401,Topic 6
7,CHEM7401,Topic 7
8,CHEM7401,Topic 8
1,CHEM7501,Topic 1
2,CHEM7501,Topic 2
3,CHEM7501,Topic 3
4,CHEM7501,Topic 4
5,CHEM7501,Topic 5
6,CHEM7501,Topic 6
1,CHEM7601,Topic 1
2,CHEM7601,Topic 2
3,CHEM7601,Topic 3
4,CHEM7601,Topic 4
5,CHEM7601,Topic 5
6,CHEM7601,Topic 6
7,CHEM7601,Topic 7
8,CHEM7601,Topic 8
9,CHEM7601,Topic 9
1,ELEN1001,Topic 1
2,ELEN1001,Topic 2
3,ELEN1001,Topic 3
4,ELEN1001,Topic 4
5,ELEN1001,Topic 5
6,ELEN1001,Topic 6
1,ELEN2002,Topic 1
2,ELEN2002,Topic 2
3,ELEN2002,Topic 3
4,ELEN2002,Topic 4
5,ELEN2002,Topic 5
6,ELEN2002,Topic 6
7,ELEN2002,Topic 7
1,ELEN3003,Topic 1
2,ELEN3003,Topic 2
3,ELEN3003,Topic 3
4,ELEN3003,Topic 4
5,ELEN3003,Topic 5
6,ELEN3003,Topic 6
7,ELEN3003,Topic 7
8,ELEN3003,Topic 8
9,ELEN3003,Topic 9
1,ELEN4004,Topic 1
2,ELEN4004,Topic 2
3,ELEN4004,Topic 3
4,ELEN4004,Topic 4
5,ELEN4004,Topic 5
6,ELEN4004,Topic 6
7,ELEN4004,Topic 7
8,ELEN4004,Topic 8
9,ELEN4004,Topic 9
1,ELEN5005,Topic 1
2,ELEN5005,Topic 2
3,ELEN5005,Topic 3
4,ELEN5005,Topic 4
5,ELEN5005,Topic 5
6,ELEN5005,Topic 6
7,ELEN5005,Topic 7
1,ELEN6006,Topic 1
2,ELEN6006,Topic 2
3,ELEN6006,Topic 3
4,ELEN6006,Topic 4
5,ELEN6006,Topic 5
6,ELEN6006,Topic 6
7,ELEN6006,Topic 7
8,ELEN6006,Topic 8
1,ELEN7007,Topic 1
2,ELEN7007,Topic 2
3,ELEN7007,Topic 3
4,ELEN7007,Topic 4
5,ELEN7007,Topic 5
6,ELEN7007,Topic 6
7,ELEN7007,Topic 7
8,ELEN7007,Topic 8
1,ELEN8008,Topic 1
2,ELEN8008,Topic 2
3,ELEN8008,Topic 3
4,ELEN8008,Topic 4
5,ELEN8008,Topic 5
6,ELEN8008,Topic 6
7,ELEN8008,Topic 7
1,ITAI6010,Topic 1
2,ITAI6010,Topic 2
3,ITAI6010,Topic 3
4,ITAI6010,Topic 4
5,ITAI6010,Topic 5
6,ITAI6010,Topic 6
7,ITAI6010,Topic 7
8,ITAI6010,Topic 8
9,ITAI6010,Topic 9
1,ITAP5010,Topic 1
2,ITAP5010,Topic 2
3,ITAP5010,Topic 3
4,ITAP5010,Topic 4
5,ITAP5010,Topic 5
6,ITAP5010,Topic 6
7,ITAP5010,Topic 7
1,ITAS5010,Topic 1
2,ITAS5010,Topic 2
3,ITAS5010,Topic 3
4,ITAS5010,Topic 4
5,ITAS5010,Topic 5
6,ITAS5010,Topic 6
7,ITAS5010,Topic 7
1,ITBC6010,Topic 1
2,ITBC6010,Topic 2
3,ITBC6010,Topic 3
4,ITBC6010,Topic 4
5,ITBC6010,Topic 5
6,ITBC6010,Topic 6
7,ITBC6010,Topic 7
1,ITBD6010,Topic 1
2,ITBD6010,Topic 2
3,ITBD6010,Topic 3
4,ITBD6010,Topic 4
5,ITBD6010,Topic 5
6,ITBD6010,Topic 6
7,ITBD6010,Topic 7
8,ITBD6010,Topic 8
1,ITCA4010,Topic 1
2,ITCA4010,Topic 2
3,ITCA4010,Topic 3
4,ITCA4010,Topic 4
5,ITCA4010,Topic 5
6,ITCA4010,Topic 6
7,ITCA4010,Topic 7
8,ITCA4010,Topic 8
9,ITCA4010,Topic 9
1,ITCC5010,Topic 1
2,ITCC5010,Topic 2
3,ITCC5010,Topic 3
4,ITCC5010,Topic 4
5,ITCC5010,Topic 5
6,ITCC5010,Topic 6
7,ITCC5010,Topic 7
1,ITCC6010,Topic 1
2,ITCC6010,Topic 2
3,ITCC6010,Topic 3
4,ITCC6010,Topic 4
5,ITCC6010,Topic 5
6,ITCC6010,Topic 6
7,ITCC6010,Topic 7
8,ITCC6010,Topic 8
9,ITCC6010,Topic 9
1,ITCC6015,Topic 1
2,ITCC6015,Topic 2
3,ITCC6015,Topic 3
4,ITCC6015,Topic 4
5,ITCC6015,Topic 5
6,ITCC6015,Topic 6
7,ITCC6015,Topic 7
1,ITCC6020,Topic 1
2,ITCC6020,Topic 2
3,ITCC6020,Topic 3
4,ITCC6020,Topic 4
5,ITCC6020,Topic 5
6,ITCC6020,Topic 6
7,ITCC6020,Topic 7
1,ITCC6025,Topic 1
2,ITCC6025,Topic 2
3,ITCC6025,Topic 3
4,ITCC6025,Topic 4
5,ITCC6025,Topic 5
6,ITCC6025,Topic 6
1,ITCD5010,Topic 1
2,ITCD5010,Topic 2
3,ITCD5010,Topic 3
4,ITCD5010,Topic 4
5,ITCD5010,Topic 5
6,ITCD5010,Topic 6
7,ITCD5010,Topic 7
1,ITCE4010,Topic 1
2,ITCE4010,Topic 2
3,ITCE4010,Topic 3
4,ITCE4010,Topic 4
5,ITCE4010,Topic 5
6,ITCE4010,Topic 6
7,ITCE4010,Topic 7
8,ITCE4010,Topic 8
1,ITCF6010,Topic 1
2,ITCF6010,Topic 2
3,ITCF6010,Topic 3
4,ITCF6010,Topic 4
5,ITCF6010,Topic 5
6,ITCF6010,Topic 6
7,ITCF6010,Topic 7
8,ITCF6010,Topic 8
9,ITCF6010,Topic 9
1,ITCG4010,Topic 1
2,ITCG4010,Topic 2
3,ITCG4010,Topic 3
4,ITCG4010,Topic 4
5,ITCG4010,Topic 5
1,ITCG4015,Topic 1
2,ITCG4015,Topic 2
3,ITCG4015,Topic 3
4,ITCG4015,Topic 4
5,ITCG4015,Topic 5
6,ITCG4015,Topic 6
7,ITCG4015,Topic 7
1,ITCI6010,Topic 1
2,ITCI6010,Topic 2
3,ITCI6010,Topic 3
4,ITCI6010,Topic 4
5,ITCI6010,Topic 5
6,ITCI6010,Topic 6
7,ITCI6010,Topic 7
8,ITCI6010,Topic 8
1,ITCN4030,Topic 1
2,ITCN4030,Topic 2
3,ITCN4030,Topic 3
4,ITCN4030,Topic 4
5,ITCN4030,Topic 5
1,ITCN5010,Topic 1
2,ITCN5010,Topic 2
3,ITCN5010,Topic 3
4,ITCN5010,Topic 4
5,ITCN5010,Topic 5
6,ITCN5010,Topic 6
7,ITCN5010,Topic 7
1,ITCS6010,Topic 1
2,ITCS6010,Topic 2
3,ITCS6010,Topic 3
4,ITCS6010,Topic 4
5,ITCS6010,Topic 5
1,ITCV6010,Topic 1
2,ITCV6010,Topic 2
3,ITCV6010,Topic 3
4,ITCV6010,Topic 4
5,ITCV6010,Topic 5
6,ITCV6010,Topic 6
7,ITCV6010,Topic 7
8,ITCV6010,Topic 8
9,ITCV6010,Topic 9
1,ITDB3007,Topic 1
2,ITDB3007,Topic 2
3,ITDB3007,Topic 3
4,ITDB3007,Topic 4
5,ITDB3007,Topic 5
1,ITDB4010,Topic 1
2,ITDB4010,Topic 2
3,ITDB4010,Topic 3
4,ITDB4010,Topic 4
5,ITDB4010,Topic 5
6,ITDB4010,Topic 6
7,ITDB4010,Topic 7
1,ITDI6010,Topic 1
2,ITDI6010,Topic 2
3,ITDI6010,Topic 3
4,ITDI6010,Topic 4
5,ITDI6010,Topic 5
6,ITDI6010,Topic 6
7,ITDI6010,Topic 7
8,ITDI6010,Topic 8
1,ITDM5010,Topic 1
2,ITDM5010,Topic 2
3,ITDM5010,Topic 3
4,ITDM5010,Topic 4
5,ITDM5010,Topic 5
1,ITDS4020,Topic 1
2,ITDS4020,Topic 2
3,ITDS4020,Topic 3
4,ITDS4020,Topic 4
5,ITDS4020,Topic 5
6,ITDS4020,Topic 6
7,ITDS4020,Topic 7
8,ITDS4020,Topic 8
1,ITDS5010,Topic 1
2,ITDS5010,Topic 2
3,ITDS5010,Topic 3
4,ITDS5010,Topic 4
5,ITDS5010,Topic 5
1,ITDS6010,Topic 1
2,ITDS6010,Topic 2
3,ITDS6010,Topic 3
4,ITDS6010,Topic 4
5,ITDS6010,Topic 5
1,ITDW5010,Topic 1
2,ITDW5010,Topic 2
3,ITDW5010,Topic 3
4,ITDW5010,Topic 4
5,ITDW5010,Topic 5
6,ITDW5010,Topic 6
7,ITDW5010,Topic 7
8,ITDW5010,Topic 8
9,ITDW5010,Topic 9
1,ITES5010,Topic 1
2,ITES5010,Topic 2
3,ITES5010,Topic 3
4,ITES5010,Topic 4
5,ITES5010,Topic 5
1,ITHC4010,Topic 1
2,ITHC4010,Topic 2
3,ITHC4010,Topic 3
4,ITHC4010,Topic 4
5,ITHC4010,Topic 5
6,ITHC4010,Topic 6
1,ITHR6010,Topic 1
2,ITHR6010,Topic 2
3,ITHR6010,Topic 3
4,ITHR6010,Topic 4
5,ITHR6010,Topic 5
6,ITHR6010,Topic 6
1,ITIC6010,Topic 1
2,ITIC6010,Topic 2
3,ITIC6010,Topic 3
4,ITIC6010,Topic 4
5,ITIC6010,Topic 5
1,ITIO6010,Topic 1
2,ITIO6010,Topic 2
3,ITIO6010,Topic 3
4,ITIO6010,Topic 4
5,ITIO6010,Topic 5
6,ITIO6010,Topic 6
1,ITIR5010,Topic 1
2,ITIR5010,Topic 2
3,ITIR5010,Topic 3
4,ITIR5010,Topic 4
5,ITIR5010,Topic 5
6,ITIR5010,Topic 6
7,ITIR5010,Topic 7
8,ITIR5010,Topic 8
9,ITIR5010,Topic 9
1,ITIS5010,Topic 1
2,ITIS5010,Topic 2
3,ITIS5010,Topic 3
4,ITIS5010,Topic 4
5,ITIS5010,Topic 5
1,ITJA2010,Topic 1
2,ITJA2010,Topic 2
3,ITJA2010,Topic 3
4,ITJA2010,Topic 4
5,ITJA2010,Topic 5
1,ITMA5010,Topic 1
2,ITMA5010,Topic 2
3,ITMA5010,Topic 3
4,ITMA5010,Topic 4
5,ITMA5010,Topic 5
6,ITMA5010,Topic 6
7,ITMA5010,Topic 7
8,ITMA5010,Topic 8
1,ITMC6010,Topic 1
2,ITMC6010,Topic 2
3,ITMC6010,Topic 3
4,ITMC6010,Topic 4
5,ITMC6010,Topic 5
6,ITMC6010,Topic 6
1,ITML6015,Topic 1
2,ITML6015,Topic 2
3,ITML6015,Topic 3
4,ITML6015,Topic 4
5,ITML6015,Topic 5
6,ITML6015,Topic 6
1,ITMP6010,Topic 1
2,ITMP6010,Topic 2
3,ITMP6010,Topic 3
4,ITMP6010,Topic 4
5,ITMP6010,Topic 5
6,ITMP6010,Topic 6
7,ITMP6010,Topic 7
8,ITMP6010,Topic 8
9,ITMP6010,Topic 9
1,ITMS4010,Topic 1
2,ITMS4010,Topic 2
3,ITMS4010,Topic 3
4,ITMS4010,Topic 4
5,ITMS4010,Topic 5
6,ITMS4010,Topic 6
7,ITMS4010,Topic 7
1,ITNL6010,Topic 1
2,ITNL6010,Topic 2
3,ITNL6010,Topic 3
4,ITNL6010,Topic 4
5,ITNL6010,Topic 5
6,ITNL6010,Topic 6
1,ITNP5010,Topic 1
2,ITNP5010,Topic 2
3,ITNP5010,Topic 3
4,ITNP5010,Topic 4
5,ITNP5010,Topic 5
1,ITNS5010,Topic 1
2,ITNS5010,Topic 2
3,ITNS5010,Topic 3
4,ITNS5010,Topic 4
5,ITNS5010,Topic 5
6,ITNS5010,Topic 6
7,ITNS5010,Topic 7
1,ITOS3010,Topic 1
2,ITOS3010,Topic 2
3,ITOS3010,Topic 3
4,ITOS3010,Topic 4
5,ITOS3010,Topic 5
6,ITOS3010,Topic 6
7,ITOS3010,Topic 7
8,ITOS3010,Topic 8
1,ITPC6010,Topic 1
2,ITPC6010,Topic 2
3,ITPC6010,Topic 3
4,ITPC6010,Topic 4
5,ITPC6010,Topic 5
6,ITPC6010,Topic 6
1,ITPL4010,Topic 1
2,ITPL4010,Topic 2
3,ITPL4010,Topic 3
4,ITPL4010,Topic 4
5,ITPL4010,Topic 5
6,ITPL4010,Topic 6
7,ITPL4010,Topic 7
8,ITPL4010,Topic 8
9,ITPL4010,Topic 9
1,ITRA6010,Topic 1
2,ITRA6010,Topic 2
3,ITRA6010,Topic 3
4,ITRA6010,Topic 4
5,ITRA6010,Topic 5
1,ITRT5010,Topic 1
2,ITRT5010,Topic 2
3,ITRT5010,Topic 3
4,ITRT5010,Topic 4
5,ITRT5010,Topic 5
6,ITRT5010,Topic 6
7,ITRT5010,Topic 7
8,ITRT5010,Topic 8
9,ITRT5010,Topic 9
1,ITSC6010,Topic 1
2,ITSC6010,Topic 2
3,ITSC6010,Topic 3
4,ITSC6010,Topic 4
5,ITSC6010,Topic 5
6,ITSC6010,Topic 6
7,ITSC6010,Topic 7
8,ITSC6010,Topic 8
1,ITSE5010,Topic 1
2,ITSE5010,Topic 2
3,ITSE5010,Topic 3
4,ITSE5010,Topic 4
5,ITSE5010,Topic 5
6,ITSE5010,Topic 6
1,ITUC6010,Topic 1
2,ITUC6010,Topic 2
3,ITUC6010,Topic 3
4,ITUC6010,Topic 4
5,ITUC6010,Topic 5
6,ITUC6010,Topic 6
1,ITVM5010,Topic 1
2,ITVM5010,Topic 2
3,ITVM5010,Topic 3
4,ITVM5010,Topic 4
5,ITVM5010,Topic 5
6,ITVM5010,Topic 6
1,ITWC5010,Topic 1
2,ITWC5010,Topic 2
3,ITWC5010,Topic 3
4,ITWC5010,Topic 4
5,ITWC5010,Topic 5
6,ITWC5010,Topic 6
7,ITWC5010,Topic 7
8,ITWC5010,Topic 8
1,ITWD3010,Topic 1
2,ITWD3010,Topic 2
3,ITWD3010,Topic 3
4,ITWD3010,Topic 4
5,ITWD3010,Topic 5
6,ITWD3010,Topic 6
1,ITWN5010,Topic 1
2,ITWN5010,Topic 2
3,ITWN5010,Topic 3
4,ITWN5010,Topic 4
5,ITWN5010,Topic 5
6,ITWN5010,Topic 6
7,ITWN5010,Topic 7
1,ITWS5010,Topic 1
2,ITWS5010,Topic 2
3,ITWS5010,Topic 3
4,ITWS5010,Topic 4
5,ITWS5010,Topic 5
6,ITWS5010,Topic 6
7,ITWS5010,Topic 7
8,ITWS5010,Topic 8
9,ITWS5010,Topic 9
1,ITWS6010,Topic 1
2,ITWS6010,Topic 2
3,ITWS6010,Topic 3
4,ITWS6010,Topic 4
5,ITWS6010,Topic 5
6,ITWS6010,Topic 6
7,ITWS6010,Topic 7
1,MATH1010,Topic 1
2,MATH1010,Topic 2
3,MATH1010,Topic 3
4,MATH1010,Topic 4
5,MATH1010,Topic 5
6,MATH1010,Topic 6
7,MATH1010,Topic 7
8,MATH1010,Topic 8
9,MATH1010,Topic 9
1,MATH1020,Topic 1
2,MATH1020,Topic 2
3,MATH1020,Topic 3
4,MATH1020,Topic 4
5,MATH1020,Topic 5
1,MATH1030,Topic 1
2,MATH1030,Topic 2
3,MATH1030,Topic 3
4,MATH1030,Topic 4
5,MATH1030,Topic 5
6,MATH1030,Topic 6
1,MATH2010,Topic 1
2,MATH2010,Topic 2
3,MATH2010,Topic 3
4,MATH2010,Topic 4
5,MATH2010,Topic 5
6,MATH2010,Topic 6
7,MATH2010,Topic 7
8,MATH2010,Topic 8
9,MATH2010,Topic 9
1,MATH2015,Topic 1
2,MATH2015,Topic 2
3,MATH2015,Topic 3
4,MATH2015,Topic 4
5,MATH2015,Topic 5
6,MATH2015,Topic 6
7,MATH2015,Topic 7
8,MATH2015,Topic 8
9,MATH2015,Topic 9
1,MATH2020,Topic 1
2,MATH2020,Topic 2
3,MATH2020,Topic 3
4,MATH2020,Topic 4
5,MATH2020,Topic 5
6,MATH2020,Topic 6
7,MATH2020,Topic 7
8,MATH2020,Topic 8
1,MATH3010,Topic 1
2,MATH3010,Topic 2
3,MATH3010,Topic 3
4,MATH3010,Topic 4
5,MATH3010,Topic 5
6,MATH3010,Topic 6
7,MATH3010,Topic 7
8,MATH3010,Topic 8
1,MATH3015,Topic 1
2,MATH3015,Topic 2
3,MATH3015,Topic 3
4,MATH3015,Topic 4
5,MATH3015,Topic 5
6,MATH3015,Topic 6
7,MATH3015,Topic 7
8,MATH3015,Topic 8
9,MATH3015,Topic 9
1,MATH3020,Topic 1
2,MATH3020,Topic 2
3,MATH3020,Topic 3
4,MATH3020,Topic 4
5,MATH3020,Topic 5
1,MATH3025,Topic 1
2,MATH3025,Topic 2
3,MATH3025,Topic 3
4,MATH3025,Topic 4
5,MATH3025,Topic 5
1,MATH4010,Topic 1
2,MATH4010,Topic 2
3,MATH4010,Topic 3
4,MATH4010,Topic 4
5,MATH4010,Topic 5
1,MATH4020,Topic 1
2,MATH4020,Topic 2
3,MATH4020,Topic 3
4,MATH4020,Topic 4
5,MATH4020,Topic 5
6,MATH4020,Topic 6
1,MATH4025,Topic 1
2,MATH4025,Topic 2
3,MATH4025,Topic 3
4,MATH4025,Topic 4
5,MATH4025,Topic 5
1,MATH4030,Topic 1
2,MATH4030,Topic 2
3,MATH4030,Topic 3
4,MATH4030,Topic 4
5,MATH4030,Topic 5
6,MATH4030,Topic 6
7,MATH4030,Topic 7
8,MATH4030,Topic 8
1,MATH4035,Topic 1
2,MATH4035,Topic 2
3,MATH4035,Topic 3
4,MATH4035,Topic 4
5,MATH4035,Topic 5
6,MATH4035,Topic 6
7,MATH4035,Topic 7
8,MATH4035,Topic 8
1,MATH4040,Topic 1
2,MATH4040,Topic 2
3,MATH4040,Topic 3
4,MATH4040,Topic 4
5,MATH4040,Topic 5
6,MATH4040,Topic 6
7,MATH4040,Topic 7
8,MATH4040,Topic 8
9,MATH4040,Topic 9
1,MATH4045,Topic 1
2,MATH4045,Topic 2
3,MATH4045,Topic 3
4,MATH4045,Topic 4
5,MATH4045,Topic 5
6,MATH4045,Topic 6
7,MATH4045,Topic 7
1,MATH4055,Topic 1
2,MATH4055,Topic 2
3,MATH4055,Topic 3
4,MATH4055,Topic 4
5,MATH4055,Topic 5
6,MATH4055,Topic 6
7,MATH4055,Topic 7
8,MATH4055,Topic 8
9,MATH4055,Topic 9
1,MATH4065,Topic 1
2,MATH4065,Topic 2
3,MATH4065,Topic 3
4,MATH4065,Topic 4
5,MATH4065,Topic 5
6,MATH4065,Topic 6
7,MATH4065,Topic 7
1,MATH4075,Topic 1
2,MATH4075,Topic 2
3,MATH4075,Topic 3
4,MATH4075,Topic 4
5,MATH4075,Topic 5
6,MATH4075,Topic 6
7,MATH4075,Topic 7
1,MEEN1001,Topic 1
2,MEEN1001,Topic 2
3,MEEN1001,Topic 3
4,MEEN1001,Topic 4
5,MEEN1001,Topic 5
1,MEEN2002,Topic 1
2,MEEN2002,Topic 2
3,MEEN2002,Topic 3
4,MEEN2002,Topic 4
5,MEEN2002,Topic 5
6,MEEN2002,Topic 6
7,MEEN2002,Topic 7
8,MEEN2002,Topic 8
9,MEEN2002,Topic 9
1,MEEN3003,Topic 1
2,MEEN3003,Topic 2
3,MEEN3003,Topic 3
4,MEEN3003,Topic 4
5,MEEN3003,Topic 5
1,MEEN4004,Topic 1
2,MEEN4004,Topic 2
3,MEEN4004,Topic 3
4,MEEN4004,Topic 4
5,MEEN4004,Topic 5
6,MEEN4004,Topic 6
7,MEEN4004,Topic 7
1,MEEN5005,Topic 1
2,MEEN5005,Topic 2
3,MEEN5005,Topic 3
4,MEEN5005,Topic 4
5,MEEN5005,Topic 5
6,MEEN5005,Topic 6
7,MEEN5005,Topic 7
1,MEEN6006,Topic 1
2,MEEN6006,Topic 2
3,MEEN6006,Topic 3
4,MEEN6006,Topic 4
5,MEEN6006,Topic 5
1,MEEN7007,Topic 1
2,MEEN7007,Topic 2
3,MEEN7007,Topic 3
4,MEEN7007,Topic 4
5,MEEN7007,Topic 5
6,MEEN7007,Topic 6
7,MEEN7007,Topic 7
8,MEEN7007,Topic 8
1,MEEN8008,Topic 1
2,MEEN8008,Topic 2
3,MEEN8008,Topic 3
4,MEEN8008,Topic 4
5,MEEN8008,Topic 5
6,MEEN8008,Topic 6
7,MEEN8008,Topic 7
8,MEEN8008,Topic 8
9,MEEN8008,Topic 9
